timestamp,user,event_type,bytes,app,command,host,session_id
2025-09-04T02:22:58.372738,user1,login,0,auth_service,,host4,user1_0_860
2025-09-04T01:22:58.372738,user1,read,60874863,fileshare,,host2,user1_0_466
2025-09-03T22:22:58.372738,user1,login_fail,0,auth_service,,host5,user1_0_99
2025-09-05T00:22:58.372738,user1,login,0,auth_service,,host2,user1_1_343
2025-09-05T02:22:58.372738,user1,read,37691404,fileshare,,host2,user1_1_191
2025-09-06T04:22:58.372738,user1,login,0,auth_service,,host1,user1_2_474
2025-09-05T23:22:58.372738,user1,read,29743377,fileshare,,host4,user1_2_566
2025-09-07T02:22:58.372738,user1,login,0,auth_service,,host5,user1_3_840
2025-09-07T03:22:58.372738,user1,read,56284946,fileshare,,host2,user1_3_387
2025-09-08T05:22:58.372738,user1,login,0,auth_service,,host5,user1_4_897
2025-09-08T03:22:58.372738,user1,read,37965867,fileshare,,host4,user1_4_508
2025-09-08T21:22:58.372738,user1,login,0,auth_service,,host4,user1_5_1
2025-09-09T02:22:58.372738,user1,read,87045563,fileshare,,host2,user1_5_771
2025-09-09T21:22:58.372738,user1,login,0,auth_service,,host2,user1_6_957
2025-09-10T04:22:58.372738,user1,read,53453874,fileshare,,host4,user1_6_701
2025-09-11T00:22:58.372738,user1,login,0,auth_service,,host2,user1_7_216
2025-09-11T05:22:58.372738,user1,read,56483975,fileshare,,host5,user1_7_14
2025-09-10T20:22:58.372738,user1,read,4316766039,fileshare,7z,host1,user1_7_647
2025-09-10T22:22:58.372738,user1,app_use,0,7zip,,host3,user1_7_592
2025-09-12T03:22:58.372738,user1,login,0,auth_service,,host3,user1_8_418
2025-09-12T03:22:58.372738,user1,read,33215649,fileshare,,host1,user1_8_839
2025-09-13T03:22:58.372738,user1,login,0,auth_service,,host5,user1_9_98
2025-09-13T04:22:58.372738,user1,read,43815752,fileshare,,host3,user1_9_546
2025-09-13T20:22:58.372738,user1,login,0,auth_service,,host5,user1_10_217
2025-09-14T05:22:58.372738,user1,read,34405962,fileshare,,host2,user1_10_553
2025-09-14T20:22:58.372738,user1,login,0,auth_service,,host4,user1_11_95
2025-09-15T00:22:58.372738,user1,read,33122072,fileshare,,host5,user1_11_406
2025-09-16T02:22:58.372738,user1,login,0,auth_service,,host3,user1_12_242
2025-09-16T02:22:58.372738,user1,read,60028966,fileshare,,host4,user1_12_27
2025-09-17T05:22:58.372738,user1,login,0,auth_service,,host4,user1_13_472
2025-09-17T03:22:58.372738,user1,read,73163733,fileshare,,host1,user1_13_384
2025-09-04T04:22:58.372738,user2,login,0,auth_service,,host3,user2_0_358
2025-09-04T01:22:58.372738,user2,read,52540244,fileshare,,host1,user2_0_818
2025-09-05T03:22:58.372738,user2,login,0,auth_service,,host1,user2_1_691
2025-09-04T21:22:58.372738,user2,read,25011125,fileshare,,host1,user2_1_441
2025-09-05T20:22:58.372738,user2,login,0,auth_service,,host5,user2_2_624
2025-09-06T03:22:58.372738,user2,read,48712438,fileshare,,host5,user2_2_735
2025-09-07T05:22:58.372738,user2,login,0,auth_service,,host4,user2_3_438
2025-09-07T04:22:58.372738,user2,read,56898046,fileshare,,host3,user2_3_400
2025-09-08T01:22:58.372738,user2,login,0,auth_service,,host3,user2_4_510
2025-09-07T23:22:58.372738,user2,read,30189273,fileshare,,host4,user2_4_763
2025-09-07T14:22:58.372738,user2,read,4476780542,fileshare,powershell,host3,user2_4_147
2025-09-08T23:22:58.372738,user2,login,0,auth_service,,host1,user2_5_928
2025-09-09T04:22:58.372738,user2,read,38674045,fileshare,,host2,user2_5_871
2025-09-10T02:22:58.372738,user2,login,0,auth_service,,host2,user2_6_610
2025-09-10T05:22:58.372738,user2,read,37487674,fileshare,,host4,user2_6_571
2025-09-11T00:22:58.372738,user2,login,0,auth_service,,host5,user2_7_159
2025-09-11T03:22:58.372738,user2,read,39550770,fileshare,,host1,user2_7_232
2025-09-12T03:22:58.372738,user2,login,0,auth_service,,host1,user2_8_919
2025-09-11T23:22:58.372738,user2,read,63060966,fileshare,,host1,user2_8_98
2025-09-12T21:22:58.372738,user2,login,0,auth_service,,host3,user2_9_719
2025-09-13T05:22:58.372738,user2,read,72053749,fileshare,,host4,user2_9_160
2025-09-13T01:22:58.372738,user2,login_fail,0,auth_service,,host5,user2_9_815
2025-09-14T02:22:58.372738,user2,login,0,auth_service,,host3,user2_10_400
2025-09-13T23:22:58.372738,user2,read,58362370,fileshare,,host5,user2_10_562
2025-09-14T20:22:58.372738,user2,login,0,auth_service,,host4,user2_11_878
2025-09-14T21:22:58.372738,user2,read,12269439,fileshare,,host5,user2_11_828
2025-09-15T20:22:58.372738,user2,login,0,auth_service,,host4,user2_12_219
2025-09-16T02:22:58.372738,user2,read,14334978,fileshare,,host3,user2_12_891
2025-09-16T04:22:58.372738,user2,login_fail,0,auth_service,,host5,user2_12_606
2025-09-17T00:22:58.372738,user2,login,0,auth_service,,host1,user2_13_255
2025-09-16T23:22:58.372738,user2,read,45137310,fileshare,,host2,user2_13_792
2025-09-04T03:22:58.372738,user3,login,0,auth_service,,host2,user3_0_287
2025-09-03T22:22:58.372738,user3,read,27045600,fileshare,,host2,user3_0_784
2025-09-05T02:22:58.372738,user3,login,0,auth_service,,host5,user3_1_681
2025-09-05T03:22:58.372738,user3,read,77792056,fileshare,,host2,user3_1_866
2025-09-06T02:22:58.372738,user3,login,0,auth_service,,host1,user3_2_35
2025-09-05T23:22:58.372738,user3,read,61417810,fileshare,,host4,user3_2_353
2025-09-06T10:22:58.372738,user3,login_fail,0,auth_service,,host3,user3_2_664
2025-09-07T01:22:58.372738,user3,login,0,auth_service,,host2,user3_3_569
2025-09-07T02:22:58.372738,user3,read,72711312,fileshare,,host1,user3_3_691
2025-09-07T02:22:58.372738,user3,login_fail,0,auth_service,,host3,user3_3_443
2025-09-08T00:22:58.372738,user3,login,0,auth_service,,host4,user3_4_773
2025-09-07T23:22:58.372738,user3,read,50911436,fileshare,,host4,user3_4_655
2025-09-08T20:22:58.372738,user3,login,0,auth_service,,host3,user3_5_603
2025-09-09T03:22:58.372738,user3,read,36967993,fileshare,,host2,user3_5_740
2025-09-10T00:22:58.372738,user3,login,0,auth_service,,host1,user3_6_57
2025-09-10T02:22:58.372738,user3,read,47690531,fileshare,,host1,user3_6_487
2025-09-11T00:22:58.372738,user3,login,0,auth_service,,host5,user3_7_246
2025-09-10T23:22:58.372738,user3,read,66634171,fileshare,,host4,user3_7_153
2025-09-11T01:22:58.372738,user3,app_use,0,winscp,,host4,user3_7_68
2025-09-11T20:22:58.372738,user3,login,0,auth_service,,host4,user3_8_452
2025-09-12T01:22:58.372738,user3,read,31461390,fileshare,,host4,user3_8_288
2025-09-12T09:22:58.372738,user3,app_use,0,usb_copy,,host5,user3_8_99
2025-09-12T21:22:58.372738,user3,login,0,auth_service,,host4,user3_9_222
2025-09-12T23:22:58.372738,user3,read,48809492,fileshare,,host2,user3_9_607
2025-09-14T03:22:58.372738,user3,login,0,auth_service,,host2,user3_10_496
2025-09-14T00:22:58.372738,user3,read,56881362,fileshare,,host4,user3_10_689
2025-09-15T00:22:58.372738,user3,login,0,auth_service,,host4,user3_11_834
2025-09-14T21:22:58.372738,user3,read,68524650,fileshare,,host1,user3_11_167
2025-09-15T21:22:58.372738,user3,login,0,auth_service,,host5,user3_12_498
2025-09-16T04:22:58.372738,user3,read,19125491,fileshare,,host5,user3_12_921
2025-09-17T02:22:58.372738,user3,login,0,auth_service,,host4,user3_13_825
2025-09-17T01:22:58.372738,user3,read,72337868,fileshare,,host2,user3_13_492
2025-09-17T08:22:58.372738,user3,read,2211329272,fileshare,scp,host4,user3_13_393
2025-09-04T03:22:58.372738,user4,login,0,auth_service,,host3,user4_0_688
2025-09-03T21:22:58.372738,user4,read,37695095,fileshare,,host5,user4_0_779
2025-09-05T04:22:58.372738,user4,login,0,auth_service,,host1,user4_1_880
2025-09-05T00:22:58.372738,user4,read,57655989,fileshare,,host1,user4_1_341
2025-09-06T04:22:58.372738,user4,login,0,auth_service,,host3,user4_2_75
2025-09-06T00:22:58.372738,user4,read,57840837,fileshare,,host3,user4_2_505
2025-09-07T04:22:58.372738,user4,login,0,auth_service,,host4,user4_3_890
2025-09-07T01:22:58.372738,user4,read,47509495,fileshare,,host4,user4_3_564
2025-09-08T05:22:58.372738,user4,login,0,auth_service,,host2,user4_4_934
2025-09-07T22:22:58.372738,user4,read,56490366,fileshare,,host4,user4_4_8
2025-09-09T02:22:58.372738,user4,login,0,auth_service,,host5,user4_5_167
2025-09-09T05:22:58.372738,user4,read,83505864,fileshare,,host2,user4_5_794
2025-09-09T22:22:58.372738,user4,login,0,auth_service,,host5,user4_6_832
2025-09-10T03:22:58.372738,user4,read,43652624,fileshare,,host1,user4_6_300
2025-09-11T01:22:58.372738,user4,login,0,auth_service,,host3,user4_7_713
2025-09-10T23:22:58.372738,user4,read,59168825,fileshare,,host3,user4_7_172
2025-09-11T07:22:58.372738,user4,login_fail,0,auth_service,,host4,user4_7_455
2025-09-11T20:22:58.372738,user4,login,0,auth_service,,host3,user4_8_972
2025-09-11T21:22:58.372738,user4,read,39205092,fileshare,,host1,user4_8_823
2025-09-13T00:22:58.372738,user4,login,0,auth_service,,host5,user4_9_202
2025-09-13T01:22:58.372738,user4,read,21600767,fileshare,,host4,user4_9_226
2025-09-13T20:22:58.372738,user4,login,0,auth_service,,host1,user4_10_372
2025-09-14T03:22:58.372738,user4,read,32055273,fileshare,,host1,user4_10_970
2025-09-15T03:22:58.372738,user4,login,0,auth_service,,host4,user4_11_372
2025-09-15T04:22:58.372738,user4,read,80516599,fileshare,,host2,user4_11_347
2025-09-16T00:22:58.372738,user4,login,0,auth_service,,host1,user4_12_739
2025-09-16T00:22:58.372738,user4,read,11745869,fileshare,,host5,user4_12_731
2025-09-17T01:22:58.372738,user4,login,0,auth_service,,host2,user4_13_882
2025-09-17T01:22:58.372738,user4,read,57249529,fileshare,,host1,user4_13_449
2025-09-17T05:22:58.372738,user4,login_fail,0,auth_service,,host3,user4_13_876
2025-09-04T01:22:58.372738,user5,login,0,auth_service,,host1,user5_0_145
2025-09-04T02:22:58.372738,user5,read,15737309,fileshare,,host3,user5_0_794
2025-09-03T12:22:58.372738,user5,app_use,0,winscp,,host5,user5_0_822
2025-09-05T01:22:58.372738,user5,login,0,auth_service,,host4,user5_1_976
2025-09-05T01:22:58.372738,user5,read,77077447,fileshare,,host5,user5_1_869
2025-09-06T05:22:58.372738,user5,login,0,auth_service,,host2,user5_2_82
2025-09-05T21:22:58.372738,user5,read,43739525,fileshare,,host3,user5_2_684
2025-09-06T21:22:58.372738,user5,login,0,auth_service,,host4,user5_3_94
2025-09-07T04:22:58.372738,user5,read,18017530,fileshare,,host2,user5_3_249
2025-09-07T20:22:58.372738,user5,login,0,auth_service,,host4,user5_4_388
2025-09-08T03:22:58.372738,user5,read,38734827,fileshare,,host5,user5_4_852
2025-09-08T21:22:58.372738,user5,login,0,auth_service,,host2,user5_5_97
2025-09-08T22:22:58.372738,user5,read,100785155,fileshare,,host3,user5_5_434
2025-09-10T03:22:58.372738,user5,login,0,auth_service,,host4,user5_6_541
2025-09-10T01:22:58.372738,user5,read,69630947,fileshare,,host5,user5_6_899
2025-09-10T23:22:58.372738,user5,login,0,auth_service,,host5,user5_7_545
2025-09-11T02:22:58.372738,user5,read,56614011,fileshare,,host5,user5_7_449
2025-09-11T22:22:58.372738,user5,login,0,auth_service,,host1,user5_8_662
2025-09-12T04:22:58.372738,user5,read,57331964,fileshare,,host4,user5_8_695
2025-09-12T21:22:58.372738,user5,login,0,auth_service,,host5,user5_9_633
2025-09-12T23:22:58.372738,user5,read,31202404,fileshare,,host3,user5_9_788
2025-09-14T00:22:58.372738,user5,login,0,auth_service,,host1,user5_10_644
2025-09-13T22:22:58.372738,user5,read,21318222,fileshare,,host1,user5_10_77
2025-09-15T04:22:58.372738,user5,login,0,auth_service,,host3,user5_11_830
2025-09-14T21:22:58.372738,user5,read,46169343,fileshare,,host2,user5_11_803
2025-09-16T03:22:58.372738,user5,login,0,auth_service,,host2,user5_12_27
2025-09-16T04:22:58.372738,user5,read,37469516,fileshare,,host3,user5_12_6
2025-09-16T21:22:58.372738,user5,login,0,auth_service,,host2,user5_13_805
2025-09-16T23:22:58.372738,user5,read,6157398,fileshare,,host3,user5_13_14
2025-09-04T02:22:58.372738,user6,login,0,auth_service,,host1,user6_0_272
2025-09-04T05:22:58.372738,user6,read,37068542,fileshare,,host1,user6_0_524
2025-09-04T21:22:58.372738,user6,login,0,auth_service,,host4,user6_1_110
2025-09-05T02:22:58.372738,user6,read,28369039,fileshare,,host2,user6_1_622
2025-09-06T04:22:58.372738,user6,login,0,auth_service,,host5,user6_2_517
2025-09-06T04:22:58.372738,user6,read,54519945,fileshare,,host3,user6_2_876
2025-09-06T08:22:58.372738,user6,app_use,0,dropbox,,host4,user6_2_349
2025-09-07T03:22:58.372738,user6,login,0,auth_service,,host1,user6_3_758
2025-09-06T23:22:58.372738,user6,read,66794948,fileshare,,host3,user6_3_542
2025-09-07T21:22:58.372738,user6,login,0,auth_service,,host4,user6_4_731
2025-09-08T02:22:58.372738,user6,read,49824188,fileshare,,host3,user6_4_573
2025-09-08T22:22:58.372738,user6,login,0,auth_service,,host5,user6_5_299
2025-09-09T01:22:58.372738,user6,read,59028223,fileshare,,host2,user6_5_117
2025-09-09T20:22:58.372738,user6,login,0,auth_service,,host2,user6_6_653
2025-09-10T00:22:58.372738,user6,read,62771849,fileshare,,host5,user6_6_258
2025-09-10T05:22:58.372738,user6,login_fail,0,auth_service,,host2,user6_6_260
2025-09-11T03:22:58.372738,user6,login,0,auth_service,,host2,user6_7_595
2025-09-10T21:22:58.372738,user6,read,16769598,fileshare,,host5,user6_7_328
2025-09-12T02:22:58.372738,user6,login,0,auth_service,,host3,user6_8_605
2025-09-12T01:22:58.372738,user6,read,38805160,fileshare,,host3,user6_8_136
2025-09-13T01:22:58.372738,user6,login,0,auth_service,,host4,user6_9_831
2025-09-13T04:22:58.372738,user6,read,80100502,fileshare,,host3,user6_9_872
2025-09-14T00:22:58.372738,user6,login,0,auth_service,,host5,user6_10_850
2025-09-14T00:22:58.372738,user6,read,55795497,fileshare,,host1,user6_10_748
2025-09-15T03:22:58.372738,user6,login,0,auth_service,,host3,user6_11_636
2025-09-15T02:22:58.372738,user6,read,91508015,fileshare,,host1,user6_11_22
2025-09-16T02:22:58.372738,user6,login,0,auth_service,,host2,user6_12_973
2025-09-15T23:22:58.372738,user6,read,4218774,fileshare,,host3,user6_12_967
2025-09-16T20:22:58.372738,user6,login,0,auth_service,,host4,user6_13_477
2025-09-17T03:22:58.372738,user6,read,78649638,fileshare,,host3,user6_13_419
2025-09-04T02:22:58.372738,user7,login,0,auth_service,,host1,user7_0_253
2025-09-04T01:22:58.372738,user7,read,63174102,fileshare,,host3,user7_0_841
2025-09-04T23:22:58.372738,user7,login,0,auth_service,,host5,user7_1_215
2025-09-05T00:22:58.372738,user7,read,31816847,fileshare,,host5,user7_1_647
2025-09-05T21:22:58.372738,user7,login,0,auth_service,,host3,user7_2_94
2025-09-06T01:22:58.372738,user7,read,76608771,fileshare,,host4,user7_2_10
2025-09-07T02:22:58.372738,user7,login,0,auth_service,,host2,user7_3_301
2025-09-07T04:22:58.372738,user7,read,89986344,fileshare,,host2,user7_3_984
2025-09-07T23:22:58.372738,user7,login,0,auth_service,,host4,user7_4_132
2025-09-07T21:22:58.372738,user7,read,54337220,fileshare,,host4,user7_4_798
2025-09-09T03:22:58.372738,user7,login,0,auth_service,,host1,user7_5_725
2025-09-09T03:22:58.372738,user7,read,58842333,fileshare,,host1,user7_5_813
2025-09-10T02:22:58.372738,user7,login,0,auth_service,,host1,user7_6_0
2025-09-10T04:22:58.372738,user7,read,51114498,fileshare,,host5,user7_6_430
2025-09-09T20:22:58.372738,user7,login_fail,0,auth_service,,host2,user7_6_435
2025-09-10T22:22:58.372738,user7,login,0,auth_service,,host4,user7_7_536
2025-09-11T02:22:58.372738,user7,read,71883830,fileshare,,host2,user7_7_902
2025-09-11T22:22:58.372738,user7,login,0,auth_service,,host1,user7_8_966
2025-09-12T02:22:58.372738,user7,read,70776522,fileshare,,host2,user7_8_155
2025-09-13T04:22:58.372738,user7,login,0,auth_service,,host1,user7_9_147
2025-09-13T02:22:58.372738,user7,read,36035679,fileshare,,host4,user7_9_62
2025-09-14T02:22:58.372738,user7,login,0,auth_service,,host3,user7_10_890
2025-09-13T21:22:58.372738,user7,read,38656736,fileshare,,host5,user7_10_476
2025-09-14T22:22:58.372738,user7,login,0,auth_service,,host2,user7_11_193
2025-09-15T02:22:58.372738,user7,read,72577774,fileshare,,host4,user7_11_112
2025-09-15T20:22:58.372738,user7,login,0,auth_service,,host5,user7_12_54
2025-09-15T23:22:58.372738,user7,read,47002440,fileshare,,host2,user7_12_379
2025-09-17T02:22:58.372738,user7,login,0,auth_service,,host5,user7_13_7
2025-09-16T21:22:58.372738,user7,read,60555295,fileshare,,host1,user7_13_758
2025-09-04T03:22:58.372738,user8,login,0,auth_service,,host1,user8_0_238
2025-09-04T04:22:58.372738,user8,read,69255813,fileshare,,host2,user8_0_802
2025-09-04T23:22:58.372738,user8,login,0,auth_service,,host4,user8_1_164
2025-09-05T02:22:58.372738,user8,read,53451168,fileshare,,host5,user8_1_909
2025-09-04T18:22:58.372738,user8,app_use,0,dropbox,,host1,user8_1_150
2025-09-06T00:22:58.372738,user8,login,0,auth_service,,host3,user8_2_623
2025-09-05T22:22:58.372738,user8,read,56522660,fileshare,,host2,user8_2_896
2025-09-06T21:22:58.372738,user8,login,0,auth_service,,host3,user8_3_470
2025-09-07T03:22:58.372738,user8,read,24977728,fileshare,,host4,user8_3_531
2025-09-07T21:22:58.372738,user8,login,0,auth_service,,host5,user8_4_939
2025-09-08T04:22:58.372738,user8,read,42899353,fileshare,,host3,user8_4_726
2025-09-08T01:22:58.372738,user8,app_use,0,7zip,,host1,user8_4_551
2025-09-08T21:22:58.372738,user8,login,0,auth_service,,host5,user8_5_280
2025-09-09T03:22:58.372738,user8,read,55149464,fileshare,,host1,user8_5_757
2025-09-09T21:22:58.372738,user8,login,0,auth_service,,host5,user8_6_74
2025-09-10T00:22:58.372738,user8,read,52412944,fileshare,,host1,user8_6_933
2025-09-09T16:22:58.372738,user8,login_fail,0,auth_service,,host1,user8_6_997
2025-09-11T05:22:58.372738,user8,login,0,auth_service,,host5,user8_7_26
2025-09-11T05:22:58.372738,user8,read,76241838,fileshare,,host3,user8_7_167
2025-09-12T05:22:58.372738,user8,login,0,auth_service,,host5,user8_8_400
2025-09-11T22:22:58.372738,user8,read,13182515,fileshare,,host4,user8_8_821
2025-09-13T05:22:58.372738,user8,login,0,auth_service,,host5,user8_9_148
2025-09-13T04:22:58.372738,user8,read,24408460,fileshare,,host3,user8_9_511
2025-09-14T01:22:58.372738,user8,login,0,auth_service,,host2,user8_10_54
2025-09-14T01:22:58.372738,user8,read,59866358,fileshare,,host1,user8_10_761
2025-09-14T07:22:58.372738,user8,login_fail,0,auth_service,,host3,user8_10_738
2025-09-14T21:22:58.372738,user8,login,0,auth_service,,host1,user8_11_153
2025-09-14T22:22:58.372738,user8,read,53696722,fileshare,,host5,user8_11_72
2025-09-15T04:22:58.372738,user8,login_fail,0,auth_service,,host1,user8_11_216
2025-09-16T04:22:58.372738,user8,login,0,auth_service,,host3,user8_12_130
2025-09-15T21:22:58.372738,user8,read,43844287,fileshare,,host5,user8_12_16
2025-09-17T03:22:58.372738,user8,login,0,auth_service,,host3,user8_13_775
2025-09-17T01:22:58.372738,user8,read,36822031,fileshare,,host1,user8_13_726
2025-09-03T21:22:58.372738,user9,login,0,auth_service,,host1,user9_0_267
2025-09-04T03:22:58.372738,user9,read,58592364,fileshare,,host2,user9_0_980
2025-09-05T02:22:58.372738,user9,login,0,auth_service,,host1,user9_1_882
2025-09-05T04:22:58.372738,user9,read,54153753,fileshare,,host2,user9_1_826
2025-09-06T02:22:58.372738,user9,login,0,auth_service,,host3,user9_2_401
2025-09-06T04:22:58.372738,user9,read,93821320,fileshare,,host3,user9_2_619
2025-09-07T03:22:58.372738,user9,login,0,auth_service,,host2,user9_3_182
2025-09-07T03:22:58.372738,user9,read,56801352,fileshare,,host4,user9_3_38
2025-09-08T04:22:58.372738,user9,login,0,auth_service,,host5,user9_4_721
2025-09-07T22:22:58.372738,user9,read,0,fileshare,,host3,user9_4_169
2025-09-08T00:22:58.372738,user9,read,3271767692,fileshare,tar,host2,user9_4_415
2025-09-09T02:22:58.372738,user9,login,0,auth_service,,host4,user9_5_28
2025-09-08T21:22:58.372738,user9,read,64590855,fileshare,,host5,user9_5_317
2025-09-10T04:22:58.372738,user9,login,0,auth_service,,host2,user9_6_925
2025-09-10T01:22:58.372738,user9,read,16363593,fileshare,,host1,user9_6_989
2025-09-10T00:22:58.372738,user9,login_fail,0,auth_service,,host2,user9_6_323
2025-09-10T20:22:58.372738,user9,login,0,auth_service,,host5,user9_7_974
2025-09-11T05:22:58.372738,user9,read,14828020,fileshare,,host1,user9_7_888
2025-09-12T00:22:58.372738,user9,login,0,auth_service,,host3,user9_8_379
2025-09-12T04:22:58.372738,user9,read,69686447,fileshare,,host3,user9_8_61
2025-09-13T03:22:58.372738,user9,login,0,auth_service,,host4,user9_9_860
2025-09-13T02:22:58.372738,user9,read,45720223,fileshare,,host5,user9_9_242
2025-09-14T05:22:58.372738,user9,login,0,auth_service,,host1,user9_10_752
2025-09-14T03:22:58.372738,user9,read,60305457,fileshare,,host1,user9_10_520
2025-09-15T05:22:58.372738,user9,login,0,auth_service,,host3,user9_11_689
2025-09-14T22:22:58.372738,user9,read,73883639,fileshare,,host1,user9_11_215
2025-09-16T04:22:58.372738,user9,login,0,auth_service,,host1,user9_12_579
2025-09-16T05:22:58.372738,user9,read,33197798,fileshare,,host3,user9_12_634
2025-09-17T05:22:58.372738,user9,login,0,auth_service,,host1,user9_13_462
2025-09-17T04:22:58.372738,user9,read,53293956,fileshare,,host1,user9_13_260
2025-09-04T01:22:58.372738,user10,login,0,auth_service,,host3,user10_0_900
2025-09-04T01:22:58.372738,user10,read,50911843,fileshare,,host4,user10_0_687
2025-09-05T03:22:58.372738,user10,login,0,auth_service,,host5,user10_1_223
2025-09-04T23:22:58.372738,user10,read,37380157,fileshare,,host2,user10_1_322
2025-09-05T20:22:58.372738,user10,login,0,auth_service,,host3,user10_2_335
2025-09-06T05:22:58.372738,user10,read,68659932,fileshare,,host5,user10_2_362
2025-09-07T01:22:58.372738,user10,login,0,auth_service,,host4,user10_3_6
2025-09-07T01:22:58.372738,user10,read,58433698,fileshare,,host3,user10_3_556
2025-09-07T10:22:58.372738,user10,read,1022098345,fileshare,7z,host2,user10_3_671
2025-09-08T02:22:58.372738,user10,login,0,auth_service,,host2,user10_4_355
2025-09-08T03:22:58.372738,user10,read,81346157,fileshare,,host2,user10_4_223
2025-09-08T04:22:58.372738,user10,login_fail,0,auth_service,,host1,user10_4_16
2025-09-09T03:22:58.372738,user10,login,0,auth_service,,host5,user10_5_674
2025-09-09T02:22:58.372738,user10,read,56862181,fileshare,,host3,user10_5_413
2025-09-08T20:22:58.372738,user10,login_fail,0,auth_service,,host2,user10_5_830
2025-09-10T00:22:58.372738,user10,login,0,auth_service,,host5,user10_6_277
2025-09-09T22:22:58.372738,user10,read,53510916,fileshare,,host4,user10_6_730
2025-09-11T01:22:58.372738,user10,login,0,auth_service,,host1,user10_7_21
2025-09-11T04:22:58.372738,user10,read,58170246,fileshare,,host3,user10_7_209
2025-09-11T23:22:58.372738,user10,login,0,auth_service,,host3,user10_8_226
2025-09-11T21:22:58.372738,user10,read,15898266,fileshare,,host3,user10_8_458
2025-09-12T23:22:58.372738,user10,login,0,auth_service,,host1,user10_9_98
2025-09-13T05:22:58.372738,user10,read,77658088,fileshare,,host5,user10_9_156
2025-09-13T23:22:58.372738,user10,login,0,auth_service,,host3,user10_10_538
2025-09-14T02:22:58.372738,user10,read,13064551,fileshare,,host2,user10_10_956
2025-09-14T21:22:58.372738,user10,login,0,auth_service,,host4,user10_11_207
2025-09-15T04:22:58.372738,user10,read,38666611,fileshare,,host4,user10_11_429
2025-09-15T21:22:58.372738,user10,login,0,auth_service,,host4,user10_12_198
2025-09-16T01:22:58.372738,user10,read,31112624,fileshare,,host4,user10_12_377
2025-09-17T02:22:58.372738,user10,login,0,auth_service,,host1,user10_13_893
2025-09-17T00:22:58.372738,user10,read,56464915,fileshare,,host4,user10_13_520
2025-09-04T01:22:58.372738,user11,login,0,auth_service,,host5,user11_0_116
2025-09-03T21:22:58.372738,user11,read,20931470,fileshare,,host5,user11_0_273
2025-09-05T01:22:58.372738,user11,login,0,auth_service,,host3,user11_1_300
2025-09-05T05:22:58.372738,user11,read,89306550,fileshare,,host1,user11_1_101
2025-09-06T04:22:58.372738,user11,login,0,auth_service,,host1,user11_2_587
2025-09-06T00:22:58.372738,user11,read,98040525,fileshare,,host1,user11_2_713
2025-09-06T20:22:58.372738,user11,login,0,auth_service,,host1,user11_3_744
2025-09-06T21:22:58.372738,user11,read,49547938,fileshare,,host5,user11_3_115
2025-09-08T05:22:58.372738,user11,login,0,auth_service,,host2,user11_4_142
2025-09-07T21:22:58.372738,user11,read,40130743,fileshare,,host3,user11_4_316
2025-09-07T17:22:58.372738,user11,read,3648296520,fileshare,powershell,host1,user11_4_369
2025-09-09T03:22:58.372738,user11,login,0,auth_service,,host2,user11_5_859
2025-09-09T00:22:58.372738,user11,read,41100333,fileshare,,host3,user11_5_382
2025-09-09T07:22:58.372738,user11,login_fail,0,auth_service,,host4,user11_5_389
2025-09-09T22:22:58.372738,user11,login,0,auth_service,,host1,user11_6_699
2025-09-10T02:22:58.372738,user11,read,42609567,fileshare,,host4,user11_6_86
2025-09-10T22:22:58.372738,user11,login,0,auth_service,,host4,user11_7_684
2025-09-11T04:22:58.372738,user11,read,54090987,fileshare,,host5,user11_7_630
2025-09-10T23:22:58.372738,user11,read,3385268305,fileshare,powershell,host2,user11_7_722
2025-09-12T03:22:58.372738,user11,login,0,auth_service,,host1,user11_8_58
2025-09-11T23:22:58.372738,user11,read,27443455,fileshare,,host5,user11_8_92
2025-09-12T20:22:58.372738,user11,login,0,auth_service,,host5,user11_9_158
2025-09-13T04:22:58.372738,user11,read,61285547,fileshare,,host4,user11_9_804
2025-09-14T03:22:58.372738,user11,login,0,auth_service,,host2,user11_10_688
2025-09-14T01:22:58.372738,user11,read,101871430,fileshare,,host2,user11_10_511
2025-09-15T02:22:58.372738,user11,login,0,auth_service,,host2,user11_11_754
2025-09-14T23:22:58.372738,user11,read,58244368,fileshare,,host2,user11_11_245
2025-09-16T00:22:58.372738,user11,login,0,auth_service,,host1,user11_12_866
2025-09-16T03:22:58.372738,user11,read,40473987,fileshare,,host2,user11_12_939
2025-09-17T01:22:58.372738,user11,login,0,auth_service,,host5,user11_13_552
2025-09-17T02:22:58.372738,user11,read,77766254,fileshare,,host4,user11_13_380
2025-09-03T21:22:58.372738,user12,login,0,auth_service,,host1,user12_0_890
2025-09-03T23:22:58.372738,user12,read,32520993,fileshare,,host5,user12_0_260
2025-09-05T02:22:58.372738,user12,login,0,auth_service,,host3,user12_1_9
2025-09-04T23:22:58.372738,user12,read,17475645,fileshare,,host2,user12_1_604
2025-09-05T23:22:58.372738,user12,login,0,auth_service,,host3,user12_2_971
2025-09-06T00:22:58.372738,user12,read,33232250,fileshare,,host4,user12_2_120
2025-09-06T20:22:58.372738,user12,login,0,auth_service,,host1,user12_3_631
2025-09-07T04:22:58.372738,user12,read,60413288,fileshare,,host4,user12_3_366
2025-09-07T21:22:58.372738,user12,login,0,auth_service,,host2,user12_4_968
2025-09-07T21:22:58.372738,user12,read,64552590,fileshare,,host3,user12_4_197
2025-09-08T22:22:58.372738,user12,login,0,auth_service,,host4,user12_5_489
2025-09-09T00:22:58.372738,user12,read,51038917,fileshare,,host5,user12_5_241
2025-09-08T13:22:58.372738,user12,read,2387835608,fileshare,powershell,host2,user12_5_796
2025-09-10T03:22:58.372738,user12,login,0,auth_service,,host3,user12_6_177
2025-09-10T03:22:58.372738,user12,read,58557413,fileshare,,host5,user12_6_307
2025-09-10T21:22:58.372738,user12,login,0,auth_service,,host5,user12_7_128
2025-09-11T03:22:58.372738,user12,read,8242219,fileshare,,host5,user12_7_351
2025-09-11T20:22:58.372738,user12,login,0,auth_service,,host2,user12_8_426
2025-09-11T21:22:58.372738,user12,read,49382247,fileshare,,host2,user12_8_647
2025-09-13T04:22:58.372738,user12,login,0,auth_service,,host4,user12_9_800
2025-09-12T21:22:58.372738,user12,read,90068145,fileshare,,host3,user12_9_286
2025-09-14T05:22:58.372738,user12,login,0,auth_service,,host4,user12_10_961
2025-09-14T05:22:58.372738,user12,read,48717233,fileshare,,host5,user12_10_588
2025-09-15T01:22:58.372738,user12,login,0,auth_service,,host4,user12_11_613
2025-09-14T23:22:58.372738,user12,read,56575248,fileshare,,host2,user12_11_593
2025-09-15T20:22:58.372738,user12,login,0,auth_service,,host1,user12_12_724
2025-09-16T03:22:58.372738,user12,read,28074498,fileshare,,host5,user12_12_914
2025-09-16T20:22:58.372738,user12,login,0,auth_service,,host3,user12_13_939
2025-09-17T02:22:58.372738,user12,read,21198982,fileshare,,host2,user12_13_266
2025-09-04T04:22:58.372738,user13,login,0,auth_service,,host3,user13_0_84
2025-09-04T02:22:58.372738,user13,read,51182842,fileshare,,host4,user13_0_628
2025-09-05T00:22:58.372738,user13,login,0,auth_service,,host4,user13_1_739
2025-09-05T03:22:58.372738,user13,read,72522340,fileshare,,host2,user13_1_363
2025-09-05T10:22:58.372738,user13,read,2850538602,fileshare,tar,host5,user13_1_123
2025-09-05T23:22:58.372738,user13,login,0,auth_service,,host3,user13_2_50
2025-09-06T00:22:58.372738,user13,read,34920708,fileshare,,host5,user13_2_563
2025-09-07T03:22:58.372738,user13,login,0,auth_service,,host2,user13_3_419
2025-09-06T22:22:58.372738,user13,read,44386498,fileshare,,host2,user13_3_944
2025-09-08T02:22:58.372738,user13,login,0,auth_service,,host4,user13_4_585
2025-09-08T04:22:58.372738,user13,read,39193556,fileshare,,host1,user13_4_937
2025-09-09T01:22:58.372738,user13,login,0,auth_service,,host1,user13_5_171
2025-09-09T04:22:58.372738,user13,read,60270814,fileshare,,host5,user13_5_361
2025-09-09T09:22:58.372738,user13,read,4518389365,fileshare,scp,host5,user13_5_725
2025-09-10T05:22:58.372738,user13,login,0,auth_service,,host1,user13_6_782
2025-09-10T04:22:58.372738,user13,read,21947894,fileshare,,host1,user13_6_153
2025-09-10T23:22:58.372738,user13,login,0,auth_service,,host4,user13_7_166
2025-09-11T05:22:58.372738,user13,read,84991534,fileshare,,host2,user13_7_914
2025-09-11T20:22:58.372738,user13,login,0,auth_service,,host3,user13_8_107
2025-09-11T21:22:58.372738,user13,read,42917847,fileshare,,host5,user13_8_654
2025-09-13T04:22:58.372738,user13,login,0,auth_service,,host5,user13_9_508
2025-09-13T05:22:58.372738,user13,read,59070756,fileshare,,host1,user13_9_769
2025-09-14T05:22:58.372738,user13,login,0,auth_service,,host5,user13_10_166
2025-09-14T00:22:58.372738,user13,read,70852176,fileshare,,host2,user13_10_101
2025-09-15T03:22:58.372738,user13,login,0,auth_service,,host5,user13_11_352
2025-09-15T00:22:58.372738,user13,read,39602932,fileshare,,host3,user13_11_72
2025-09-15T23:22:58.372738,user13,login,0,auth_service,,host5,user13_12_560
2025-09-16T01:22:58.372738,user13,read,59867666,fileshare,,host2,user13_12_66
2025-09-17T01:22:58.372738,user13,login,0,auth_service,,host2,user13_13_726
2025-09-16T22:22:58.372738,user13,read,69308159,fileshare,,host1,user13_13_802
2025-09-04T05:22:58.372738,user14,login,0,auth_service,,host4,user14_0_452
2025-09-04T05:22:58.372738,user14,read,60775119,fileshare,,host2,user14_0_445
2025-09-04T03:22:58.372738,user14,app_use,0,dropbox,,host4,user14_0_647
2025-09-04T23:22:58.372738,user14,login,0,auth_service,,host3,user14_1_655
2025-09-05T03:22:58.372738,user14,read,31586528,fileshare,,host4,user14_1_626
2025-09-05T20:22:58.372738,user14,login,0,auth_service,,host1,user14_2_285
2025-09-05T22:22:58.372738,user14,read,96386590,fileshare,,host1,user14_2_783
2025-09-06T23:22:58.372738,user14,login,0,auth_service,,host1,user14_3_662
2025-09-06T22:22:58.372738,user14,read,57866356,fileshare,,host5,user14_3_577
2025-09-07T20:22:58.372738,user14,login,0,auth_service,,host3,user14_4_834
2025-09-08T00:22:58.372738,user14,read,27932667,fileshare,,host2,user14_4_310
2025-09-09T00:22:58.372738,user14,login,0,auth_service,,host4,user14_5_489
2025-09-08T21:22:58.372738,user14,read,6942188,fileshare,,host2,user14_5_677
2025-09-10T01:22:58.372738,user14,login,0,auth_service,,host3,user14_6_847
2025-09-10T01:22:58.372738,user14,read,61562341,fileshare,,host3,user14_6_577
2025-09-10T21:22:58.372738,user14,login,0,auth_service,,host2,user14_7_536
2025-09-10T22:22:58.372738,user14,read,39551957,fileshare,,host1,user14_7_252
2025-09-12T01:22:58.372738,user14,login,0,auth_service,,host5,user14_8_435
2025-09-12T05:22:58.372738,user14,read,0,fileshare,,host5,user14_8_116
2025-09-12T23:22:58.372738,user14,login,0,auth_service,,host5,user14_9_955
2025-09-13T00:22:58.372738,user14,read,51279135,fileshare,,host2,user14_9_988
2025-09-13T21:22:58.372738,user14,login,0,auth_service,,host4,user14_10_662
2025-09-13T22:22:58.372738,user14,read,45731142,fileshare,,host3,user14_10_689
2025-09-14T02:22:58.372738,user14,login_fail,0,auth_service,,host1,user14_10_982
2025-09-15T04:22:58.372738,user14,login,0,auth_service,,host4,user14_11_189
2025-09-14T23:22:58.372738,user14,read,79814522,fileshare,,host4,user14_11_608
2025-09-16T02:22:58.372738,user14,login,0,auth_service,,host4,user14_12_819
2025-09-16T02:22:58.372738,user14,read,59812724,fileshare,,host2,user14_12_62
2025-09-16T22:22:58.372738,user14,login,0,auth_service,,host3,user14_13_91
2025-09-17T02:22:58.372738,user14,read,29441944,fileshare,,host5,user14_13_597
2025-09-04T00:22:58.372738,user15,login,0,auth_service,,host5,user15_0_649
2025-09-04T01:22:58.372738,user15,read,30130875,fileshare,,host1,user15_0_12
2025-09-04T05:22:58.372738,user15,login_fail,0,auth_service,,host5,user15_0_212
2025-09-04T23:22:58.372738,user15,login,0,auth_service,,host1,user15_1_994
2025-09-04T21:22:58.372738,user15,read,61587984,fileshare,,host4,user15_1_394
2025-09-06T05:22:58.372738,user15,login,0,auth_service,,host4,user15_2_545
2025-09-06T04:22:58.372738,user15,read,73364354,fileshare,,host3,user15_2_744
2025-09-07T05:22:58.372738,user15,login,0,auth_service,,host5,user15_3_624
2025-09-07T05:22:58.372738,user15,read,32741893,fileshare,,host1,user15_3_119
2025-09-07T20:22:58.372738,user15,login,0,auth_service,,host2,user15_4_241
2025-09-07T22:22:58.372738,user15,read,93146164,fileshare,,host3,user15_4_725
2025-09-09T03:22:58.372738,user15,login,0,auth_service,,host5,user15_5_466
2025-09-09T01:22:58.372738,user15,read,37885701,fileshare,,host4,user15_5_448
2025-09-08T19:22:58.372738,user15,read,1364178936,fileshare,scp,host3,user15_5_384
2025-09-10T03:22:58.372738,user15,login,0,auth_service,,host3,user15_6_663
2025-09-10T04:22:58.372738,user15,read,50200466,fileshare,,host2,user15_6_926
2025-09-11T02:22:58.372738,user15,login,0,auth_service,,host3,user15_7_539
2025-09-10T23:22:58.372738,user15,read,39148020,fileshare,,host3,user15_7_441
2025-09-11T09:22:58.372738,user15,login_fail,0,auth_service,,host2,user15_7_549
2025-09-11T20:22:58.372738,user15,login,0,auth_service,,host1,user15_8_328
2025-09-11T21:22:58.372738,user15,read,24948219,fileshare,,host4,user15_8_381
2025-09-13T02:22:58.372738,user15,login,0,auth_service,,host2,user15_9_777
2025-09-13T01:22:58.372738,user15,read,39950750,fileshare,,host4,user15_9_651
2025-09-13T21:22:58.372738,user15,login,0,auth_service,,host3,user15_10_521
2025-09-14T03:22:58.372738,user15,read,61136416,fileshare,,host1,user15_10_664
2025-09-14T21:22:58.372738,user15,login,0,auth_service,,host4,user15_11_413
2025-09-15T00:22:58.372738,user15,read,45792596,fileshare,,host5,user15_11_171
2025-09-15T22:22:58.372738,user15,login,0,auth_service,,host2,user15_12_543
2025-09-16T05:22:58.372738,user15,read,64923748,fileshare,,host2,user15_12_148
2025-09-17T03:22:58.372738,user15,login,0,auth_service,,host4,user15_13_735
2025-09-17T02:22:58.372738,user15,read,42796128,fileshare,,host3,user15_13_344
2025-09-17T05:22:58.372738,user15,read,1463614721,fileshare,net user,host5,user15_13_212
2025-09-03T21:22:58.372738,user16,login,0,auth_service,,host3,user16_0_406
2025-09-04T01:22:58.372738,user16,read,59888868,fileshare,,host5,user16_0_352
2025-09-05T02:22:58.372738,user16,login,0,auth_service,,host4,user16_1_366
2025-09-05T05:22:58.372738,user16,read,64472272,fileshare,,host5,user16_1_110
2025-09-06T00:22:58.372738,user16,login,0,auth_service,,host3,user16_2_448
2025-09-05T22:22:58.372738,user16,read,32889772,fileshare,,host3,user16_2_472
2025-09-06T21:22:58.372738,user16,login,0,auth_service,,host1,user16_3_111
2025-09-07T05:22:58.372738,user16,read,37583095,fileshare,,host4,user16_3_931
2025-09-07T09:22:58.372738,user16,login_fail,0,auth_service,,host4,user16_3_208
2025-09-06T13:22:58.372738,user16,read,4258490292,fileshare,net user,host1,user16_3_19
2025-09-07T22:22:58.372738,user16,login,0,auth_service,,host3,user16_4_100
2025-09-08T00:22:58.372738,user16,read,44248179,fileshare,,host4,user16_4_905
2025-09-09T00:22:58.372738,user16,login,0,auth_service,,host5,user16_5_201
2025-09-09T02:22:58.372738,user16,read,31168209,fileshare,,host4,user16_5_187
2025-09-09T23:22:58.372738,user16,login,0,auth_service,,host5,user16_6_525
2025-09-10T03:22:58.372738,user16,read,39246206,fileshare,,host4,user16_6_899
2025-09-09T13:22:58.372738,user16,login_fail,0,auth_service,,host2,user16_6_914
2025-09-10T20:22:58.372738,user16,login,0,auth_service,,host3,user16_7_405
2025-09-11T04:22:58.372738,user16,read,56068895,fileshare,,host5,user16_7_75
2025-09-11T22:22:58.372738,user16,login,0,auth_service,,host5,user16_8_739
2025-09-11T21:22:58.372738,user16,read,57222895,fileshare,,host2,user16_8_830
2025-09-13T04:22:58.372738,user16,login,0,auth_service,,host4,user16_9_117
2025-09-12T21:22:58.372738,user16,read,38418393,fileshare,,host1,user16_9_197
2025-09-14T01:22:58.372738,user16,login,0,auth_service,,host4,user16_10_74
2025-09-13T22:22:58.372738,user16,read,56075606,fileshare,,host3,user16_10_972
2025-09-15T01:22:58.372738,user16,login,0,auth_service,,host1,user16_11_876
2025-09-14T23:22:58.372738,user16,read,22466169,fileshare,,host5,user16_11_914
2025-09-16T00:22:58.372738,user16,login,0,auth_service,,host4,user16_12_48
2025-09-16T00:22:58.372738,user16,read,63877115,fileshare,,host2,user16_12_259
2025-09-15T18:22:58.372738,user16,login_fail,0,auth_service,,host2,user16_12_930
2025-09-17T01:22:58.372738,user16,login,0,auth_service,,host1,user16_13_181
2025-09-17T05:22:58.372738,user16,read,47943289,fileshare,,host4,user16_13_663
2025-09-16T23:22:58.372738,user16,read,1191533673,fileshare,7z,host4,user16_13_902
2025-09-04T03:22:58.372738,user17,login,0,auth_service,,host2,user17_0_847
2025-09-04T05:22:58.372738,user17,read,28614988,fileshare,,host5,user17_0_581
2025-09-04T00:22:58.372738,user17,login_fail,0,auth_service,,host4,user17_0_695
2025-09-04T05:22:58.372738,user17,read,4893119225,fileshare,curl,host3,user17_0_440
2025-09-04T21:22:58.372738,user17,login,0,auth_service,,host1,user17_1_986
2025-09-05T03:22:58.372738,user17,read,11269625,fileshare,,host2,user17_1_671
2025-09-06T02:22:58.372738,user17,login,0,auth_service,,host5,user17_2_425
2025-09-06T05:22:58.372738,user17,read,59747196,fileshare,,host5,user17_2_313
2025-09-07T00:22:58.372738,user17,login,0,auth_service,,host1,user17_3_914
2025-09-06T23:22:58.372738,user17,read,61107586,fileshare,,host1,user17_3_852
2025-09-07T21:22:58.372738,user17,login,0,auth_service,,host5,user17_4_707
2025-09-08T02:22:58.372738,user17,read,33537638,fileshare,,host1,user17_4_592
2025-09-09T04:22:58.372738,user17,login,0,auth_service,,host1,user17_5_528
2025-09-08T22:22:58.372738,user17,read,46716411,fileshare,,host2,user17_5_576
2025-09-10T04:22:58.372738,user17,login,0,auth_service,,host2,user17_6_841
2025-09-10T03:22:58.372738,user17,read,2741351,fileshare,,host4,user17_6_343
2025-09-10T22:22:58.372738,user17,login,0,auth_service,,host3,user17_7_830
2025-09-10T21:22:58.372738,user17,read,29805385,fileshare,,host5,user17_7_531
2025-09-12T03:22:58.372738,user17,login,0,auth_service,,host5,user17_8_78
2025-09-11T21:22:58.372738,user17,read,44163774,fileshare,,host2,user17_8_920
2025-09-11T14:22:58.372738,user17,login_fail,0,auth_service,,host4,user17_8_96
2025-09-13T02:22:58.372738,user17,login,0,auth_service,,host4,user17_9_790
2025-09-13T05:22:58.372738,user17,read,18736183,fileshare,,host3,user17_9_177
2025-09-12T16:22:58.372738,user17,login_fail,0,auth_service,,host3,user17_9_778
2025-09-14T03:22:58.372738,user17,login,0,auth_service,,host4,user17_10_475
2025-09-14T04:22:58.372738,user17,read,33775735,fileshare,,host1,user17_10_558
2025-09-14T23:22:58.372738,user17,login,0,auth_service,,host4,user17_11_385
2025-09-15T03:22:58.372738,user17,read,68686194,fileshare,,host3,user17_11_876
2025-09-15T20:22:58.372738,user17,login,0,auth_service,,host4,user17_12_128
2025-09-16T01:22:58.372738,user17,read,48117947,fileshare,,host4,user17_12_989
2025-09-17T02:22:58.372738,user17,login,0,auth_service,,host1,user17_13_574
2025-09-17T03:22:58.372738,user17,read,43557208,fileshare,,host5,user17_13_532
2025-09-04T05:22:58.372738,user18,login,0,auth_service,,host3,user18_0_246
2025-09-03T23:22:58.372738,user18,read,57797736,fileshare,,host1,user18_0_195
2025-09-05T00:22:58.372738,user18,login,0,auth_service,,host3,user18_1_700
2025-09-05T05:22:58.372738,user18,read,34552604,fileshare,,host4,user18_1_485
2025-09-05T21:22:58.372738,user18,login,0,auth_service,,host4,user18_2_875
2025-09-06T02:22:58.372738,user18,read,27807089,fileshare,,host3,user18_2_587
2025-09-07T03:22:58.372738,user18,login,0,auth_service,,host2,user18_3_189
2025-09-06T21:22:58.372738,user18,read,33203495,fileshare,,host5,user18_3_674
2025-09-08T05:22:58.372738,user18,login,0,auth_service,,host3,user18_4_952
2025-09-07T21:22:58.372738,user18,read,88877537,fileshare,,host5,user18_4_619
2025-09-08T23:22:58.372738,user18,login,0,auth_service,,host5,user18_5_271
2025-09-08T22:22:58.372738,user18,read,17541775,fileshare,,host2,user18_5_482
2025-09-10T04:22:58.372738,user18,login,0,auth_service,,host4,user18_6_123
2025-09-10T05:22:58.372738,user18,read,45514896,fileshare,,host5,user18_6_226
2025-09-10T23:22:58.372738,user18,login,0,auth_service,,host4,user18_7_400
2025-09-11T03:22:58.372738,user18,read,38116465,fileshare,,host1,user18_7_866
2025-09-11T02:22:58.372738,user18,login_fail,0,auth_service,,host2,user18_7_114
2025-09-12T02:22:58.372738,user18,login,0,auth_service,,host3,user18_8_602
2025-09-12T00:22:58.372738,user18,read,18782181,fileshare,,host5,user18_8_839
2025-09-12T23:22:58.372738,user18,login,0,auth_service,,host1,user18_9_280
2025-09-13T04:22:58.372738,user18,read,21439383,fileshare,,host2,user18_9_613
2025-09-13T22:22:58.372738,user18,login,0,auth_service,,host3,user18_10_425
2025-09-14T03:22:58.372738,user18,read,66868286,fileshare,,host1,user18_10_762
2025-09-14T23:22:58.372738,user18,login,0,auth_service,,host5,user18_11_828
2025-09-15T00:22:58.372738,user18,read,59904259,fileshare,,host1,user18_11_285
2025-09-14T12:22:58.372738,user18,login_fail,0,auth_service,,host4,user18_11_88
2025-09-16T04:22:58.372738,user18,login,0,auth_service,,host3,user18_12_333
2025-09-16T05:22:58.372738,user18,read,69006151,fileshare,,host5,user18_12_61
2025-09-15T14:22:58.372738,user18,read,2150092042,fileshare,scp,host2,user18_12_468
2025-09-17T00:22:58.372738,user18,login,0,auth_service,,host4,user18_13_868
2025-09-16T23:22:58.372738,user18,read,84212267,fileshare,,host4,user18_13_928
2025-09-16T14:22:58.372738,user18,app_use,0,winscp,,host1,user18_13_481
2025-09-04T03:22:58.372738,user19,login,0,auth_service,,host1,user19_0_7
2025-09-04T02:22:58.372738,user19,read,0,fileshare,,host4,user19_0_173
2025-09-05T01:22:58.372738,user19,login,0,auth_service,,host5,user19_1_818
2025-09-05T02:22:58.372738,user19,read,63557506,fileshare,,host4,user19_1_504
2025-09-05T23:22:58.372738,user19,login,0,auth_service,,host4,user19_2_940
2025-09-06T05:22:58.372738,user19,read,45847378,fileshare,,host1,user19_2_583
2025-09-06T20:22:58.372738,user19,login,0,auth_service,,host5,user19_3_779
2025-09-07T02:22:58.372738,user19,read,15000442,fileshare,,host2,user19_3_282
2025-09-07T20:22:58.372738,user19,login,0,auth_service,,host3,user19_4_423
2025-09-08T00:22:58.372738,user19,read,0,fileshare,,host1,user19_4_652
2025-09-07T19:22:58.372738,user19,app_use,0,7zip,,host3,user19_4_403
2025-09-08T20:22:58.372738,user19,login,0,auth_service,,host2,user19_5_806
2025-09-09T01:22:58.372738,user19,read,21001196,fileshare,,host5,user19_5_944
2025-09-08T20:22:58.372738,user19,app_use,0,7zip,,host1,user19_5_343
2025-09-10T00:22:58.372738,user19,login,0,auth_service,,host1,user19_6_552
2025-09-10T03:22:58.372738,user19,read,52642734,fileshare,,host1,user19_6_550
2025-09-10T20:22:58.372738,user19,login,0,auth_service,,host4,user19_7_18
2025-09-11T04:22:58.372738,user19,read,76612340,fileshare,,host5,user19_7_108
2025-09-12T02:22:58.372738,user19,login,0,auth_service,,host4,user19_8_249
2025-09-12T03:22:58.372738,user19,read,63757266,fileshare,,host5,user19_8_430
2025-09-12T02:22:58.372738,user19,login_fail,0,auth_service,,host4,user19_8_849
2025-09-12T20:22:58.372738,user19,login,0,auth_service,,host4,user19_9_593
2025-09-13T01:22:58.372738,user19,read,58393310,fileshare,,host3,user19_9_750
2025-09-14T05:22:58.372738,user19,login,0,auth_service,,host3,user19_10_654
2025-09-14T05:22:58.372738,user19,read,39474109,fileshare,,host2,user19_10_449
2025-09-14T22:22:58.372738,user19,login,0,auth_service,,host1,user19_11_376
2025-09-15T03:22:58.372738,user19,read,80116365,fileshare,,host4,user19_11_770
2025-09-16T01:22:58.372738,user19,login,0,auth_service,,host3,user19_12_911
2025-09-15T21:22:58.372738,user19,read,56338852,fileshare,,host5,user19_12_974
2025-09-16T08:22:58.372738,user19,login_fail,0,auth_service,,host1,user19_12_126
2025-09-17T04:22:58.372738,user19,login,0,auth_service,,host4,user19_13_276
2025-09-17T02:22:58.372738,user19,read,88018712,fileshare,,host3,user19_13_657
2025-09-04T01:22:58.372738,user20,login,0,auth_service,,host2,user20_0_29
2025-09-03T23:22:58.372738,user20,read,77849306,fileshare,,host3,user20_0_155
2025-09-05T05:22:58.372738,user20,login,0,auth_service,,host3,user20_1_824
2025-09-05T02:22:58.372738,user20,read,44999069,fileshare,,host4,user20_1_379
2025-09-06T00:22:58.372738,user20,login,0,auth_service,,host4,user20_2_420
2025-09-06T00:22:58.372738,user20,read,43839314,fileshare,,host3,user20_2_668
2025-09-06T02:22:58.372738,user20,app_use,0,winscp,,host3,user20_2_125
2025-09-06T20:22:58.372738,user20,login,0,auth_service,,host1,user20_3_805
2025-09-07T01:22:58.372738,user20,read,65593210,fileshare,,host2,user20_3_687
2025-09-07T23:22:58.372738,user20,login,0,auth_service,,host1,user20_4_876
2025-09-08T00:22:58.372738,user20,read,50559029,fileshare,,host2,user20_4_154
2025-09-08T22:22:58.372738,user20,login,0,auth_service,,host2,user20_5_261
2025-09-09T01:22:58.372738,user20,read,58363741,fileshare,,host2,user20_5_484
2025-09-09T22:22:58.372738,user20,login,0,auth_service,,host4,user20_6_785
2025-09-10T02:22:58.372738,user20,read,19206669,fileshare,,host4,user20_6_68
2025-09-11T01:22:58.372738,user20,login,0,auth_service,,host5,user20_7_378
2025-09-11T03:22:58.372738,user20,read,20274459,fileshare,,host3,user20_7_898
2025-09-11T20:22:58.372738,user20,login,0,auth_service,,host5,user20_8_941
2025-09-12T03:22:58.372738,user20,read,27706292,fileshare,,host4,user20_8_498
2025-09-12T21:22:58.372738,user20,login,0,auth_service,,host3,user20_9_995
2025-09-12T23:22:58.372738,user20,read,64925194,fileshare,,host5,user20_9_272
2025-09-14T03:22:58.372738,user20,login,0,auth_service,,host2,user20_10_786
2025-09-14T01:22:58.372738,user20,read,41041710,fileshare,,host1,user20_10_612
2025-09-15T00:22:58.372738,user20,login,0,auth_service,,host2,user20_11_266
2025-09-15T02:22:58.372738,user20,read,24483358,fileshare,,host5,user20_11_558
2025-09-16T00:22:58.372738,user20,login,0,auth_service,,host1,user20_12_183
2025-09-16T02:22:58.372738,user20,read,62431437,fileshare,,host1,user20_12_882
2025-09-17T01:22:58.372738,user20,login,0,auth_service,,host2,user20_13_227
2025-09-17T02:22:58.372738,user20,read,42607793,fileshare,,host3,user20_13_416
